,query,relevant_naics
0,Home improvement store,['444110']
1,Diesel fuel supplier,['424710']
2,Church,['813100']
3,Farm,['115116']
4,Seed supplier,['424910']
5,Accountant,['541200']
6,Trucking company,['484110']
7,Exporter,['522293']
8,Grain elevator,['493130']
9,Popcorn store,['445299']
10,Agricultural service,['115116']
11,Warehouse,['493110']
12,Agricultural production,['111998']
13,Ranch,['112130']
14,Holding company,['551112']
15,Farm equipment supplier,['423820']
16,Store,['452319']
17,Grocery store,['445110']
18,Rice mill,['311212']
19,Food products supplier,['424490']
20,Accounting firm,['541200']
21,Produce market,['445230']
22,Pet supply store,['453910']
23,Wholesaler,['425120']
24,Produce wholesaler,['424480']
25,Distribution service,['541614']
26,Crop grower,['111998']
27,Addiction treatment center,['623220']
28,Natural goods store,['446191']
29,Orchard,['111331']
30,Lumber store,['423310']
31,Mine,['212299']
32,Transportation service,['485999']
33,Investment company,['523110']
34,Fruit wholesaler,['424480']
35,Real estate agency,['531210']
36,Event venue,['561920']
37,Frozen dessert supplier,['311520']
38,Wine wholesaler and importer,['424820']
39,Winery,['312130']
40,Aerospace company,['336400']
41,Cold storage facility,['493120']
42,Employment agency,['561311']
43,Plant nursery,['444220']
44,Air conditioning contractor,['238220']
45,Air conditioning repair service,['238220']
46,Fruit and vegetable wholesaler,['445230']
47,Aircraft rental service,['532411']
48,Monastery,['813110']
49,Allergist,['621111']
50,Herb shop,['446191']
51,Aluminum supplier,['331313']
52,Ambulance service,['621910']
53,Wholesale plant nursery,['424930']
54,Amusement machine supplier,['454200']
55,Animal hospital,['541940']
56,Farmers market,['445230']
57,Vaporizer store,['453991']
58,Cigar shop,['453991']
59,Tobacco shop,['453991']
60,Well drilling contractor,['213111']
61,Library,['519120']
62,Apartment building,['531110']
63,Apartment rental agency,['531110']
64,Dairy farm,['112120']
65,Architect,['541300']
66,Organic farm,['111998']
67,Architectural designer,['541300']
68,Architecture firm,['541300']
69,Livestock producer,['112111']
70,Dairy supplier,['424430']
71,Biotechnology company,['541714']
72,Artist,['711500']
73,Egg supplier,['1123']
74,Poultry farm,['311615']
75,Chicken hatchery,['112340']
76,Arts organization,['711190']
77,Association or organization,['813910']
78,Food store,['445110']
79,Deli,['722513']
80,Bank,['522110']
81,Fish processing,['311710']
82,Fish farm,['112511']
83,Seafood wholesaler,['424460']
84,Tropical fish store,['453910']
85,Non-profit organization,['813410']
86,Economic development agency,['926110']
87,Seafood market,['445220']
88,Honey farm,['112910']
89,Horse breeder,['112920']
90,Asphalt contractor,['238990']
91,Livestock dealer,['424520']
92,Department store,['452210']
93,Mill,['321113']
94,ATV dealer,['441228']
95,Audio visual consultant,['334310']
96,Pallet supplier,['321920']
97,Wood supplier,['423310']
98,Hardware store,['444130']
99,Furniture wholesaler,['423210']
100,Auditor,['541211']
101,Oil & natural gas company,['213111']
102,Auto body shop,['811111']
103,Boat repair shop,['336611']
104,Association,['813910']
105,Railing contractor,['332323']
106,Publisher,['511130']
107,Pond supply store,['221310']
108,Agriculture cooperative,['926140']
109,Printing equipment supplier,['333244']
110,Auto insurance agency,['524210']
111,Alternative fuel station,['447190']
112,Auto parts manufacturer,['336300']
113,Foundation,['813211']
114,Fertilizer supplier,['325311']
115,Farming company,['115116']
116,Finance broker,['522310']
117,Agricultural cooperative,['926140']
118,Fire station,['922160']
119,Environmental consultant,['541620']
120,Civil engineer,['237990']
121,Fire protection service,['922160']
122,Gas company,['221210']
123,Oilfield,['213111']
124,Banquet hall,['722320']
125,Mining company,['212299']
126,Coalfield,['212112']
127,Steel fabricator,['332312']
128,Quarry,['212311']
129,Gold mining company,['212221']
130,High-rise building,['236220']
131,Basketball club,['711211']
132,Gold dealer,['423940']
133,Battery manufacturer,['335911']
134,Electric utility company,['926130']
135,Environmental program,['813312']
136,Office,['561110']
137,Stone supplier,['423320']
138,Aggregate supplier,['423320']
139,Sand & gravel supplier,['212321']
140,Building materials supplier,['444190']
141,Beauty supply store,['446120']
142,Crushed stone supplier,['423320']
143,Rock shop,['423940']
144,Road construction company,['237310']
145,Marketing consultant,['541613']
146,Blood testing service,['541380']
147,Contractor,['238990']
148,Excavating contractor,['238910']
149,Asphalt mixing plant,['324121']
150,Ready mix concrete supplier,['327320']
151,Sand plant,['212322']
152,BMW dealer,['441120']
153,Bookbinder,['323121']
154,Garden center,['444220']
155,Abrasives supplier,['327910']
156,Granite supplier,['327991']
157,Drilling contractor,['213111']
158,BPO company,['561421']
159,Oil and gas exploration service,['213111']
160,Building complex,['531110']
161,Construction equipment supplier,['423810']
162,Mining equipment,['333131']
163,Bus ticket agency,['561599']
164,Business center,['561439']
165,Skyscraper,['236220']
166,Software company,['54151']
167,Business development service,['541611']
168,Business management consultant,['541600']
169,Cabinet maker,['337110']
170,Call center,['561421']
171,Cancer treatment center,['622310']
172,Power plant consultant,['237130']
173,Business park,['812930']
174,Petroleum products company,['424720']
175,Parking lot,['812930']
176,Water utility company,['221310']
177,Car repair and maintenance,['811111']
178,Water treatment plant,['221310']
179,Car service,['811198']
180,Cattle market,['424520']
181,Sewage disposal service,['221320']
182,Certified public accountant,['541211']
183,Government office,['921190']
184,Charity,['813219']
185,Air conditioning system supplier,['423730']
186,Chemical industry,['325998']
187,Chemical manufacturer,['325998]']
188,Title company,['541191']
189,Chemical plant,['325998']
190,Property management company,['531311']
191,Custom home builder,['236115']
192,Window installation service,['238150']
193,Fire damage restoration service,['562910']
194,Equipment rental agency,['532490']
195,Chemical wholesaler,['424690']
196,Financial planner,['523930']
197,Telecommunications service provider,['517311']
198,Energy equipment and solutions,['444210']
199,Chiropractor,['621310']
200,Steel distributor,['423510']
201,City government office,['999300']
202,Crane service,['333923']
203,Garage door supplier,['238350']
204,Industrial door supplier,['332321']
205,City or town hall,['921110']
206,Clothing wholesaler,['424300']
207,Coin operated laundry equipment supplier,['812310']
208,Metal supplier,['423510']
209,Glass shop,['238150']
210,College,['611300']
211,Siding contractor,['238170']
212,Commercial printer,['323111']
213,Storage facility,['493110']
214,Communications tower,['237130']
215,Janitorial service,['561720']
216,Computer consultant,['541512']
217,Fire protection system supplier,['922160']
218,Elevator service,['333921']
219,Industrial equipment supplier,['423830']
220,Dry wall contractor,['238310']
221,Insulation contractor,['238310']
222,Concrete contractor,['238110']
223,Scaffolding rental service,['532490']
224,Construction company,['236220']
225,Flooring store,['442210']
226,Flooring contractor,['238330']
227,Tile contractor,['238340']
228,Tile manufacturer,['238340']
229,Glass & mirror shop,['238150']
230,Construction material wholesaler,['423310\\t']
231,Gutter cleaning service,['561790']
232,Sheet metal contractor,['332322']
233,Consultant,['541618']
234,Container service,['332439']
235,Septic system service,['562991']
236,Corporate campus,['551114']
237,Water damage restoration service,['562910']
238,Welder,['333992']
239,Corporate office,['551114']
240,Animals,['112990']
241,Animal feed store,['453910']
242,Animal protection organization,['813312']
243,Brewing supply store,['424810']
244,Cosmetics store,['446120']
245,County government office,['921190']
246,Sugar factory,['31131']
247,Confectionery wholesaler,['424450']
248,Financial institution,['921130']
249,Candy store,['445292']
250,Confectionery,['445292']
251,Chocolate factory,['311351']
252,Chocolate shop,['311351']
253,Courier service,['492110']
254,Coworking space,['531120']
255,Frozen food manufacturer,['311412']
256,Beverage distributor,['424820']
257,Agricultural organization,['926140']
258,Dairy store,['424430']
259,Dairy,['112120']
260,Ice cream shop,['311520']
261,Medical laboratory,['621511']
262,Demolition contractor,['238910']
263,Meat processor,['311612']
264,FMCG manufacturer,['532289']
265,Garbage collection service,['562111']
266,Wholesale bakery,['311812']
267,Dentist,['621210']
268,Dessert shop,['311813']
269,Cupcake shop,['311811']
270,Nut store,['445292']
271,Wholesale grocer,['424490']
272,Design engineer,['541330']
273,Business to business service,['561499']
274,Condiments supplier,['311941']
275,Digital printing service,['323111']
276,Culinary school,['611519']
277,Importer,['522293']
278,Bottled water supplier,['312112']
279,Coffee roasters,['311920']
280,Packaging supply store,['561910']
281,Ice supplier,['312113']
282,Brewery,['312120']
283,Winemaking company,['312130']
284,Distillery,['312140']
285,Disability services & support organisation,['624120']
286,District government office,['999300']
287,Air filter supplier,['333413']
288,Tire shop,['441320']
289,Fastener supplier,['339993']
290,Fabric product manufacturer,['313310']
291,Textiles,['313310']
292,Textile exporter,['313310']
293,Textile engineer,['313310']
294,Fabric store,['451130']
295,Knit shop,['313240']
296,Doctor,['621111']
297,Lamination service,['326130']
298,Plastic resin manufacturer,['325211']
299,Carpet manufacturer,['314110']
300,Upholstery shop,['811420']
301,Business administration service,['541611']
302,Furniture store,['442110']
303,Dry cleaner,['812320']
304,Packaging company,['561910']
305,Duty free store,['453998']
306,E-commerce service,['454110']
307,Cable company,['515210']
308,Education,['611000']
309,Outlet store,['452319']
310,Lingerie store,['448190']
311,Clothes and fabric manufacturer,['313310']
312,Education center,['611000']
313,Uniform store,['448190']
314,Mens clothing store,['448110']
315,Clothing store,['448190']
316,Womens clothing store,['448120']
317,Western apparel store,['448140']
318,Costume store,['532281']
319,Game store,['451120']
320,Hat shop,['448150']
321,Leather goods manufacturer,['448320']
322,Educational consultant,['611000']
323,Leather exporter,['316998']
324,Shoe store,['448210']
325,Boutique,['448120']
326,Leather wholesaler,['448320']
327,Handbags shop,['316992']
328,Electronics store,['443142']
329,Luggage store,['448320']
330,Building materials store,['444190']
331,Saw mill,['321113']
332,Electrical engineer,['541330']
333,Deck builder,['238350']
334,Concrete product supplier,['327390']
335,Plywood supplier,['321211']
336,Electrical installation service,['238210']
337,Truss manufacturer,['321214']
338,Door supplier,['321911']
339,Wood and laminate flooring supplier,['321918']
340,Aircraft supply store,['423860']
341,Modular home builder,['321991']
342,Portable building manufacturer,['332311']
343,Modular home dealer,['453930']
344,Mulch supplier,['424910']
345,Electrician,['238210']
346,Paper mill,['322110']
347,Energy supplier,['221118']
348,Engineer,['541330']
349,Print shop,['323111']
350,Custom label printer,['323111']
351,Marketing,['541613']
352,Marketing agency,['541810']
353,Engineering consultant,['541330']
354,Entertainer,['713990']
355,Envelope supplier,['322232']
356,Oil refinery,['324110']
357,Recording studio,['512240']
358,Environment renewable natural resources,['221118']
359,Finishing materials supplier,['444190']
360,Event ticket seller,['561599']
361,Waterproofing company,['238390']
362,Auto parts store,['441310']
363,Heating oil supplier,['454310']
364,Family practice physician,['621111']
365,Machining manufacturer,['333249']
366,Industrial gas supplier,['325120']
367,Welding supply store,['333992']
368,Dry ice supplier,['312113']
369,Private equity firm,['523920']
370,Family service center,['624190']
371,Federal government office,['999000']
372,Vitamin & supplements store,['446191']
373,Feed manufacturer,['311119']
374,Medical equipment supplier,['423450']
375,Medical supply store,['423450']
376,Medical clinic,['621111']
377,Research institute,['541715']
378,Biochemical supplier,['424690']
379,Fiber optic products supplier,['335921']
380,Paint manufacturer,['325510']
381,Equipment supplier,['423830']
382,Food,['311999']
383,Pipe supplier,['332996']
384,Oil field equipment supplier,['333132']
385,Food broker,['424410']
386,Food manufacturer,['311119']
387,Food processing company,['311999']
388,Fence supply store,['444190']
389,Food producer,['311999']
390,Forestry service,['115310']
391,Foundry,['3315']
392,Wholesale jeweler,['423940']
393,Cookie shop,['311821']
394,Truck rental agency,['532120']
395,Fruit and vegetable processing,['311400']
396,Kitchen supply store,['423440']
397,Hydraulic equipment supplier,['423830']
398,Irrigation equipment supplier,['221310']
399,Bearing supplier,['332991']
400,Metallurgy company,['332117']
401,Plastic injection molding service,['3261']
402,General contractor,['236220']
403,General hospital,['622110']
404,Tool manufacturer,['333515']
405,Industrial design company,['541420']
406,Hyundai dealer,['423110']
407,Glass industry,['327215']
408,Polymer supplier,['424610']
409,Printing equipment and supplies,['333244']
410,Toner cartridge supplier,['325910']
411,Printer repair service,['811212']
412,Fuel supplier,['424720']
413,Glass manufacturer,['327215']
414,Plastic bag supplier,['326111']
415,Glassware manufacturer,['327215']
416,Polythene and plastic sheeting supplier,['326112']
417,PVC industry,['326122']
418,Countertop store,['444190']
419,Cabinet store,['444190']
420,Fiberglass supplier,['327993']
421,Golf cart dealer,['441229']
422,Auto repair shop,['811111']
423,Hose supplier,['326220']
424,Rubber products supplier,['326299']
425,Automotive,['423110']
426,Commercial refrigerator supplier,['423740']
427,Golf club,['713910']
428,Golf course,['713910']
429,Green energy supplier,['221114']
430,Greenhouse,['111411']
431,Auto glass shop,['811122']
432,Lighting manufacturer,['335122']
433,Cement manufacturer,['327310']
434,Brick manufacturer,['327331']
435,Natural stone supplier,['423320']
436,Gym,['713940']
437,Marble supplier,['327991']
438,Corporate gift supplier,['453220']
439,Shipbuilding and repair company,['336611']
440,Construction and maintenance office,['236220']
441,Boiler manufacturer,['332410']
442,Containers supplier,['332439']
443,Home and construction,['236115']
444,Health,['621111']
445,Heart hospital,['622310']
446,Spring supplier,['332613']
447,Electric utility manufacturer,['926130']
448,Aircraft manufacturer,['336411']
449,Metal heat treating service,['332811']
450,Plating service,['332813']
451,Automation company,['335314']
452,Heating contractor,['238220']
453,Plumbing supply store,['423720']
454,Gun shop,['451110']
455,Ammunition supplier,['332993']
456,Pipe manufacturer,['332996']
457,School,['611110']
458,Fire protection equipment supplier,['922160']
459,Agricultural machinery manufacturer,['333111']
460,Lawn mower store,['444210']
461,Lawn irrigation equipment supplier,['221310']
462,Financial consultant,['523930']
463,Helicopter charter,['481211']
464,Packaging machinery,['333993']
465,Historical landmark,['712100']
466,Electronics manufacturer,['334419']
467,Graphic designer,['541430']
468,Eye care center,['621320']
469,Optical products manufacturer,['333314']
470,Image consultant,['541430']
471,Cleaning products supplier,['423850']
472,Fireplace store,['423720']
473,Home builder,['236100']
474,Tool & die shop,['333514']
475,Metal stamping service,['332119']
476,Environmental organization,['813312']
477,Food processing equipment,['333241']
478,Loan agency,['522310']
479,Power plant equipment supplier,['423610']
480,Home goods store,['442299']
481,Engine rebuilding service,['811198']
482,Air compressor supplier,['333912']
483,Honda dealer,['441110']
484,Elevator manufacturer,['333921']
485,Crane dealer,['333923']
486,Crane rental agency,['532412']
487,Compound building,['238190']
488,Tractor dealer,['423820']
489,Furnace parts supplier,['423730']
490,Heating equipment supplier,['423720']
491,Pneumatic tools supplier,['423730']
492,Truck stop,['447110']
493,Computer hardware manufacturer,['334111']
494,Satellite communication service,['517410']
495,Hospital,['622110']
496,Electronics company,['443142']
497,Electronic parts supplier,['423690']
498,HVAC contractor,['238220']
499,Industrial engineer,['541330']
500,Contact lenses supplier,['333314']
501,Information services,['519100']
502,Building,['236220']
503,Water works equipment supplier,['423720']
504,Measuring instruments supplier,['334513']
505,Scientific equipment supplier,['423490']
506,Medical center,['622110']
507,Watch manufacturer,['423940']
508,Corporate entertainment service,['71']
509,Insurance,['524210']
510,Record company,['512250']
511,Video duplication service,['512191']
512,Insurance agency,['524210']
513,Lighting store,['335122']
514,Lighting wholesaler,['335122']
515,Entertainment agency,['711410']
516,Insurance broker,['524210']
517,Electrical equipment supplier,['423610']
518,Electric motor store,['336320']
519,Railroad company,['482111']
520,Electrical supply store,['423610']
521,Insurance company,['524210']
522,Factory equipment supplier,['423830']
523,Investment service,['523990']
524,Laser equipment supplier,['334510']
525,Executive suite rental agency,['921110']
526,Truck dealer,['423110']
527,Motor vehicle dealer,['441120']
528,Car dealer,['441120']
529,Truck topper supplier,['423860']
530,Police supply store,['453998']
531,Iron steel contractor,['238120']
532,Fire department equipment supplier,['922160']
533,Towing equipment provider,['488410']
534,Logistics service,['541614']
535,Trailer manufacturer,['336214']
536,Trailer dealer,['532120']
537,RV dealer,['441210']
538,Auto spring shop,['811198']
539,Auto upholsterer,['336360']
540,Auto body parts supplier,['441310']
541,Car factory,['336111']
542,Freight forwarding service,['488510']
543,Brake shop,['811118']
544,Railroad equipment supplier,['423860']
545,Jewelry equipment supplier,['339910']
546,Boat builders,['336612']
547,Ship building,['336611']
548,Marine supply store,['441222']
549,Boat dealer,['441222']
550,Kawasaki motorcycle dealer,['441228']
551,Knife manufacturing,['342101']
552,Labor union,['813930']
553,Furniture maker,['337122']
554,Banking and finance,['522110']
555,Furniture manufacturer,['337125']
556,Logistics,['541614']
557,Massage supply store,['423850']
558,Telecommunications equipment supplier,['334290']
559,Baby store,['448130']
560,Molding supplier,['333511']
561,Office equipment supplier,['423420']
562,Office furniture store,['337214']
563,Store equipment supplier,['423850']
564,Laboratory,['541380']
565,Health and beauty shop,['812112']
566,Learning center,['611691']
567,Dental laboratory,['339116']
568,Land surveyor,['541370']
569,Educational supply store,['453210']
570,Jewelry store,['448310']
571,Playground equipment supplier,['423910']
572,Outdoor sports store,['451110']
573,Toy store,['451120']
574,Security service,['561612']
575,Sign shop,['339950']
576,Office supply store,['453210']
577,Landscaper,['561730']
578,Gasket manufacturer,['339991']
579,Piano maker,['339992']
580,Piano store,['451140']
581,Funeral home,['812210']
582,Monument,['3281']
583,Book publisher,['511130']
584,Wig shop,['448150']
585,Laundromat,['812310']
586,Auto wrecker,['488410']
587,Auto parts market,['441310']
588,Jeep dealer,['4411']
589,Restaurant supply store,['423850']
590,Roofing supply store,['423330']
591,Law firm,['541110']
592,Building materials market,['444190']
593,Camera store,['423410']
594,Lawn care service,['561730']
595,Computer security service,['561621']
596,Computer store,['423430']
597,Design agency,['541490']
598,Diagnostic center,['621512']
599,Laboratory equipment supplier,['334516']
600,Home theater store,['334310']
601,Metal industry suppliers,['423510']
602,Landscaping supply store,['444220']
603,Appliance parts supplier,['423620']
604,Vacuum cleaner store,['443141']
605,Audio visual equipment supplier,['334310']
606,Lawyer,['541110']
607,Cell phone store,['517312']
608,Bathroom supply store,['423720']
609,Leasing service,['532000']
610,Construction machine dealer,['423810']
611,Dairy farm equipment supplier,['423820']
612,Propane supplier,['454310']
613,Legal services,['541100']
614,Janitorial equipment supplier,['561720']
615,Life insurance agency,['524210']
616,Railroad contractor,['488210']
617,Swimming pool supply store,['453998']
618,Light bulb supplier,['335110']
619,Linens store,['812331']
620,Metal construction company,['332311']
621,Local government office,['999300']
622,Logging contractor,['113310']
623,Machine shop,['332710']
624,Hotel supply store,['721110']
625,Import export company,['522293']
626,Sewing company,['451130']
627,Research foundation,['541715']
628,Machinery parts manufacturer,['333249']
629,Sports accessories wholesaler,['423910']
630,Fashion designer,['541490']
631,Cheese manufacturer,['311513']
632,Cheese shop,['5451']
633,Shipping and mailing,['491110']
634,Wholesale food store,['424490']
635,Organic food store,['446191']
636,Pie shop,['311813']
637,Auction house,['453998']
638,Livestock auction house,['424520']
639,Cotton exporter,['111920']
640,Plastic wholesaler,['424610']
641,Mailing service,['491110']
642,Manufacturer,['339999']
643,Gas station,['447110']
644,Beer distributor,['424810']
645,Alcoholic beverage wholesaler,['424820']
646,Religious goods store,['813110']
647,Books wholesaler,['424920']
648,Masonry supply store,['444190']
649,Wholesale florist,['424930']
650,Florist,['453110']
651,Marine engineer,['541330']
652,Paint store,['444120']
653,Used auto parts store,['441310']
654,Masonry contractor,['238140']
655,Used car dealer,['441120']
656,Used truck dealer,['441120']
657,Massage therapist,['621399']
658,Material handling equipment supplier,['423830']
659,Marina,['713930']
660,Meat packer,['424470']
661,Mattress store,['442110']
662,Blinds shop,['337920']
663,Interior designer,['541410']
664,Window treatment store,['442291']
665,Appliance store,['443141']
666,Health food store,['446191']
667,Direct mail advertising,['541860']
668,Meat wholesaler,['424470']
669,Butcher shop deli,['445210']
670,Italian grocery store,['445299']
671,Market,['541613']
672,Food service,['722310']
673,Grocery delivery service,['492110']
674,Wine store,['445310']
675,Liquor store,['445310']
676,Kiosk,['722330']
677,Optometrist,['621320']
678,Optician,['621320']
679,Mechanical contractor,['238220']
680,Mechanical engineer,['541330']
681,Cafe,['722513']
682,Jeweler,['423940']
683,Leather goods store,['448320']
684,Gift shop,['453220']
685,Craft store,['451130']
686,Hobby store,['451120']
687,Fabric wholesaler,['424310']
688,Scrap metal dealer,['423930']
689,Quilt shop,['451130']
690,Sheet music store,['451140']
691,Musical instrument manufacturer,['339992']
692,Music store,['451140']
693,Musical instrument store,['451140']
694,Band,['711130']
695,Bookstore,['451211']
696,Art museum,['712110']
697,Newsstand,['451212']
698,Medical equipment manufacturer,['339112']
699,Fashion accessories store,['448150']
700,Discount store,['452319']
701,Cemetery,['812220']
702,Bus stop,['485113']
703,Variety store,['452319']
704,Thrift store,['453310']
705,Medical group,['621111']
706,Donations center,['813410']
707,Pet store,['453910']
708,Art gallery,['453920']
709,Art dealer,['453920']
710,Housing development,['925110']
711,Mobile home dealer,['453930']
712,Convenience store,['445120']
713,Medical office,['621111']
714,Medical technology manufacturer,['339112']
715,Childrens furniture store,['442110']
716,Mental health clinic,['621330']
717,Airline,['481111']
718,Aviation consultant,['488190']
719,Travel agency,['561510']
720,Travel services,['561510']
721,Airport,['488119']
722,Mental health service,['621330']
723,Shipping company,['488510']
724,Metal fabricator,['332000']
725,Cruise line company,['483112']
726,Towing service,['488410']
727,Ferry terminal,['488310']
728,Ferry service,['483212']
729,Metal finisher,['332813']
730,Boat tour agency,['487210']
731,Bus company,['485113']
732,Moving company,['484210']
733,Moving and storage service,['484210']
734,State department of transportation,['926120']
735,Department of transportation,['926120']
736,Handicapped transportation service,['485991']
737,Railway services,['488210']
738,Train station,['485112']
739,Bus depot,['485210']
740,Bus charter,['485510']
741,Metal processing company,['332000']
742,Mixed-use,['531120']
743,Motorcycle shop,['441228']
744,Limousine service,['485320']
745,Chauffeur service,['485320']
746,School bus service,['485410']
747,Airport shuttle service,['485999']
748,Tourist information center,['561591']
749,Carriage ride service,['487110']
750,Cruise agency,['561510']
751,Tourist attraction,['561591']
752,Ski resort,['713920']
753,Ski area,['713920']
754,Fixed-base operator,['4581']
755,Aircraft maintenance company,['488190']
756,Motorsports store,['441228']
757,Boat rental service,['532284']
758,Utility trailer dealer,['532120']
759,Forklift dealer,['423830']
760,Municipal administration office,['921190']
761,Nephrologist,['621111']
762,Bus and coach company,['485510']
763,Shipping service,['492110']
764,Shipping and mailing service,['492110']
765,Newspaper publisher,['511110']
766,Shredding service,['561990']
767,Nuclear power company,['221113']
768,Nursing home,['623000']
769,Media company,['541840']
770,Multimedia and electronic book publisher,['519130']
771,Internet marketing service,['541810']
772,Greeting card shop,['453220']
773,Theme park,['713110']
774,Film production company,['512110']
775,Obstetrician-gynecologist,['621111']
776,Movie studio,['512110']
777,Video production service,['512110']
778,Movie theater,['512131']
779,Theater company,['711110']
780,Performing arts theater,['711190']
781,Occupational safety and health,['813410']
782,Office space rental agency,['531120']
783,Commercial real estate agency,['531210']
784,Art school,['611610']
785,Music publisher,['512230']
786,Printed music publisher,['512230']
787,Home audio store,['334310']
788,Musician,['711130']
789,Music management and promotion,['711410']
790,Video editing service,['512191']
791,Office supply wholesaler,['424120']
792,Official residence,['531110']
793,Orthopedic clinic,['621111']
794,Painter,['238320']
795,Painting,['238320']
796,Telephone company,['517311']
797,Media house,['541840']
798,Paper distributor,['424130']
799,News service,['451212']
800,Public library,['519120']
801,Law library,['8231']
802,Museum,['712110']
803,Federal reserve bank,['521110']
804,Credit union,['522130']
805,ATM,['522320']
806,Paving contractor,['238990']
807,Mortgage lender,['522310']
808,Investment bank,['523110']
809,Check cashing service,['522390']
810,Stock broker,['523120']
811,Health consultant,['541611']
812,Health insurance agency,['524114']
813,Payroll service,['541214']
814,Pediatrician,['621111']
815,Human resource consulting,['541612']
816,Pest control service,['561710']
817,Pet boarding service,['812910']
818,Pet care,['812910']
819,Loss adjuster,['524291']
820,Pharmaceutical company,['325412']
821,Pharmaceutical products wholesaler,['424210']
822,Pharmacy,['446110']
823,Educational institution,['611310']
824,Retirement community,['623311']
825,Fraternal organization,['813410']
826,Photo lab,['541921']
827,Property investment,['531390']
828,Photographer,['541920']
829,Photography school,['541921']
830,4-star hotel,['721110']
831,Convention center,['561591']
832,Real estate appraiser,['531320']
833,Photography service,['541920']
834,Resort hotel,['721110']
835,Real estate consultant,['531210']
836,3-star hotel,['721110']
837,Car rental agency,['532111']
838,Car leasing service,['532112']
839,Ford dealer,['441110']
840,Car finance and loan company,['522220']
841,Trailer rental service,['532120']
842,Furniture rental service,['532289']
843,Tuxedo shop,['532281']
844,Dress and tuxedo rental service,['532281']
845,Wedding store,['448190']
846,Video store,['443142']
847,Movie rental,['512199']
848,Photography studio,['541920']
849,Home health care service,['621610']
850,Skateboard shop,['339920']
851,Event technology service,['561920']
852,Party equipment rental service,['532289']
853,Construction machine rental service,['532412']
854,Audio visual equipment rental service,['334310']
855,Shipping equipment industry,['423860']
856,Physical therapy clinic,['621340']
857,Plastic fabrication company,['326100']
858,Plastic products supplier,['326100']
859,Auto tag agency,['926120']
860,Department of motor vehicles,['926120']
861,Notary public,['541120']
862,Private investigator,['561611']
863,Escrow service,['523991']
864,Real estate agent,['531210']
865,Playground,['713990']
866,Plumber,['238220']
867,Port authority,['488310']
868,Portrait studio,['541921']
869,Post office,['491110']
870,Professional services,['541000']
871,University hospital,['622110']
872,Public relations firm,['541800']
873,Civil engineering company,['237990']
874,Drafting service,['541340']
875,Pump supplier,['333996']
876,Interior construction contractor,['236220']
877,Carpet cleaning service,['561740']
878,Exhibition planner,['561920']
879,Decal supplier,['339950']
880,Stage lighting equipment supplier,['335129']
881,Event management company,['561920']
882,Radio broadcaster,['333996']
883,Computer support and services,['541519']
884,Ravine,['515100']
885,Employment center,['561311']
886,National health foundation,['813212']
887,Real estate developer,['236117']
888,Advertising agency,['541810']
889,Promotional products supplier,['541870']
890,Advertising service,['541810']
891,Records storage facility,['531130']
892,Fund management company,['523920']
893,Recreation center,['713940']
894,Bakery,['311811']
895,Database management company,['518210']
896,Market researcher,['541910']
897,Recycling center,['423930']
898,Regional government office,['999300']
899,Rehabilitation center,['623220']
900,Religious institution,['813100']
901,Religious organization,['813100']
902,Repair service,['811490']
903,Emergency veterinarian service,['541940']
904,Pet sitter,['812910']
905,Research and product development,['541710']
906,Building society,['236220']
907,Valet parking service,['812930']
908,Nursing agency,['623110']
909,Executive search firm,['561312']
910,Recruiter,['561311']
911,Temp agency,['561311']
912,Health center,['622110']
913,Restaurant,['722511']
914,Roofing contractor,['238160']
915,Sports nutrition store,['446191']
916,Credit reporting agency,['561450']
917,Automobile storage facility,['493190']
918,Debt collection agency,['561440']
919,RV park,['721211']
920,Court reporter,['561492']
921,Bus tour agency,['561520']
922,Tour operator,['561520']
923,Convention information bureau,['561591']
924,Balloon ride tour agency,['487990']
925,Security guard service,['561612']
926,Locksmith,['561622']
927,Commercial cleaning service,['561720']
928,Blast cleaning service,['561720']
929,Conference center,['561920']
930,Safety equipment supplier,['423490']
931,Garbage dump,['562212']
932,Sanitation service,['561720']
933,Garbage dump service,['562111']
934,Environmental health service,['541620']
935,Portable toilet supplier,['562991']
936,Public works department,['921190']
937,School district office,['611110']
938,Sailmaker,['313210']
939,Community college,['611210']
940,Salvage yard,['423140']
941,Business school,['611410']
942,Trade school,['611519']
943,Private university,['611310']
944,Computer training school,['611420']
945,School supply store,['424120']
946,Screen printer,['323113']
947,Media consultant,['541840']
948,Beauty school,['611511']
949,Flight school,['611512']
950,Seaport,['488310']
951,Security system supplier,['56162']
952,Middle school,['611110']
953,Nonprofit,['813410']
954,Shooting range,['713990']
955,Soccer club,['711211']
956,Camp,['721214']
957,Diving contractor,['561990']
958,Language school,['611630']
959,English language school,['611630']
960,Preschool,['624410']
961,Self-storage facility,['531130']
962,Semi conductor supplier,['334400']
963,Driving school,['611692']
964,Trucking school,['611692']
965,Senior citizen center,['624120']
966,Services,['541519']
967,Childrens hospital,['622110']
968,Dental supply store,['339114']
969,Shipyard,['33661']
970,Orthodox synagogue,['813110']
971,Short term apartment rental agency,['531110']
972,Nutritionist,['621399']
973,Ophthalmologist,['621320']
974,Ophthalmology clinic,['621320']
975,Social services organization,['624190']
976,Social welfare center,['624190']
977,Solar energy company,['221114']
978,Solar energy equipment supplier,['221114']
979,Special education school,['611000']
980,Podiatrist,['621391']
981,Reproductive health clinic,['621410']
982,Sporting goods store,['451110']
983,Dialysis center,['621492']
984,Sports complex,['713940']
985,Wellness program,['525120']
986,Sportswear store,['451110']
987,Private hospital,['622110']
988,Radiologist,['621512']
989,Medical diagnostic imaging center,['621512']
990,X-ray lab,['621512']
991,Blood bank,['621991']
992,Stainless steel plant,['331110']
993,State agency,['999000']
994,Heliport,['488119']
995,Health care company,['622110']
996,Psychiatric hospital,['622210']
997,State government office,['999200']
998,Medical institution,['622110']
999,Steel construction company,['238120']
1000,Cleaning service,['561720']
1001,Steel drum supplier,['332439']
1002,Assisted living facility,['623312']
1003,Steel erector,['238120']
1004,Retirement home,['623312']
1005,Steelwork manufacturer,['331110']
1006,Family counselor,['624190']
1007,Child care agency,['624410']
1008,Non-governmental organization,['813410']
1009,Food bank,['624210']
1010,Homeless service,['624221']
1011,Homeless shelter,['624221']
1012,Youth social services organization,['624110']
1013,Womens organization,['448120']
1014,Cultural association,['813410']
1015,Debris removal service,['562119']
1016,Day care center,['624410']
1017,Opera house,['711110']
1018,Opera company,['711110']
1019,Surgeon,['621111']
1020,Ballet school,['611610']
1021,Dance company,['711120']
1022,Orchestra,['711130']
1023,Concert hall,['711310']
1024,Surgical supply store,['423450']
1025,Stadium,['711310']
1026,Event planner,['561920']
1027,Car racing track,['711212']
1028,Club,['813410']
1029,Racecourse,['711212']
1030,Casino,['713210']
1031,Tax preparation,['541200']
1032,Talent agency,['711410']
1033,Scouting,['813410']
1034,Tax preparation service,['541200']
1035,Theatre,['711110']
1036,Art institute,['611610']
1037,Natural history museum,['712110']
1038,Taxi service,['485300']
1039,History museum,['712110']
1040,Historical society,['712120']
1041,Heritage preservation,['712120']
1042,Zoo,['712130']
1043,Zoological park,['712130']
1044,Aquarium,['712130']
1045,Botanical garden,['712130']
1046,Amusement park,['713110']
1047,Toy and game manufacturer,['339930']
1048,Amusement center,['713110']
1049,Lottery retailer,['713290']
1050,Off track betting shop,['713290']
1051,Technical service,['541000']
1052,Park,['812930']
1053,Telecommunications,['517919']
1054,Bowling alley,['713950']
1055,Television station,['515120']
1056,Tour agency,['561520']
1057,Lodging,['721110']
1058,5-star hotel,['721110']
1059,Hotel,['721110']
1060,2-star hotel,['721110']
1061,Textile mill,['313310']
1062,Tile store,['442210']
1063,United methodist church,['813110']
1064,Summer camp,['721214']
1065,Timeshare agency,['721199']
1066,Caterer,['722320']
1067,Tobacco supplier,['424940']
1068,Fast food restaurant,['722513']
1069,Toyota dealer,['441110']
1070,Bar,['722410']
1071,Training centre,['611519']
1072,Diesel engine repair service,['811111']
1073,Transcription service,['561410']
1074,Transmission shop,['811113']
1075,Truck parts supplier,['423120']
1076,Translator,['541930']
1077,GMC dealer,['441110']
1078,Glass repair service,['238150']
1079,Oil change service,['811191']
1080,Car wash,['811192']
1081,Tree service,['561730']
1082,Computer repair service,['811212']
1083,Electronics repair shop,['811211']
1084,Electric motor repair shop,['811118']
1085,Tool store,['444130']
1086,Mfr,['332999']
1087,Sharpening service,['811490']
1088,Woodworking supply store,['423310']
1089,Commercial refrigeration,['423740']
1090,Antique furniture restoration service,['811420']
1091,Boot store,['448210']
1092,Shoe repair shop,['811430']
1093,Copier repair service,['811212']
1094,Coin dealer,['423940']
1095,Scale repair service,['811219']
1096,Barber shop,['812111']
1097,Beauty salon,['812112']
1098,Nail salon,['812113']
1099,Day spa,['812199']
1100,Weight loss service,['812191']
1101,Massage spa,['812199']
1102,Tanning salon,['812199']
1103,Tribal headquarters,['921150']
1104,Veterans affairs department,['923140']
1105,Laundry,['812320']
1106,Truck repair shop,['811111']
1107,Turf supplier,['541320']
1108,Laundry service,['812320']
1109,University,['611310']
1110,University department,['611310']
1111,Urologist,['621111']
1112,Pet adoption service,['812910']
1113,Utility contractor,['237130']
1114,Parking garage,['812930']
1115,Public parking space,['812930']
1116,Vacation home rental agency,['721199']
1117,Council,['813410']
1118,Animal shelter,['812910']
1119,Hospital department,['622110']
1120,High school,['611110']
1121,Community health centre,['621498']
1122,Organization,['813920']
1123,Political party,['813940']
1124,Vending machine supplier,['454200']
1125,Federal courthouse,['922110']
1126,Police department,['922120']
1127,Justice department,['922190']
1128,Public defenders office,['922130']
1129,Prison,['922140']
1130,Youth organization,['624110']
1131,Probation office,['922150']
1132,Community center,['624110']
1133,Public safety office,['922120']
1134,Urban planning department,['925120']
1135,Sheriffs department,['922120']
1136,Public high school,['611110']
1137,Veterinarian,['541940']
1138,Board of education,['923110']
1139,Waste management service,['562000']
1140,Public health department,['923120']
1141,Veterans organization,['923140']
1142,Weather forecast service,['541990']
1143,Housing authority,['925110']
1144,Conservation department,['924120']
1145,Federal credit union,['522130']
1146,Wholesaler household appliances,['423620']
1147,Wind turbine builder,['221115']
1148,Drivers license office,['926120']
1149,State department agricultural development,['926140']
1150,Military base,['928110']
1151,Embassy,['928120']
1152,Window supplier,['321911']
1153,Customs department,['488510']
